X,Feature 1,Feature 2,Target
0.15730431745806928,0.5182145952321491,0.4031390343767315,0
0.006113449875684573,0.31615113303136017,0.3899370181328982,1
0.46270572060442533,0.9749810091882203,0.4099263201930571,0
0.13279647188866256,0.8661226280234364,0.6423471773026536,0
0.23465501779516718,0.5566384949672789,0.6865136825594194,0
0.3775925226431854,0.9716955834340032,0.5762059998252145,0
0.22316365807529498,0.04018060162705622,0.26616687730558947,1
0.32386454178345153,0.7639263936871175,0.22828163147709962,1
0.21209356772315363,0.5475998492288274,0.8268176921393248,0
0.20132447064172887,0.6576526458000084,0.9050835348393722,0
0.4787965907890437,0.8491354535196836,0.7691571593885262,0
0.2196803710253375,0.8464468871859192,0.6049735217604306,0
0.028440684683566697,0.9147041162685154,0.03490795652616896,0
0.015422310768716307,0.20773759756473703,0.5766442487792365,1
0.07780605067507784,0.19575669210892288,0.02481285742904843,1
0.2880497198185196,0.9865368694392822,0.7189204376594022,0
0.04960834787648433,0.6510797341119328,0.8709502516843359,0
0.0016834707238855273,0.8910177580245872,0.6901981962785526,0
0.35707159323518733,0.4680710749395583,0.835473667901353,1
0.48492748559905785,0.2615608357163472,0.04994309117058865,1
0.16613321385776597,0.21768801124633436,0.11727199146601941,1
0.34638244289599907,0.4693164654884981,0.44987021055441456,1
0.3895689768476866,0.7759482797787329,0.9767808988229174,0
0.044997443812796245,0.7853672056050671,0.24892646138146268,0
0.059147904533397466,0.05440414404370564,0.3302233171107666,1
0.4006152547115617,0.715440626211244,0.5398308818894038,0
0.2716218049835078,0.6807932276870774,0.6553423022647558,0
0.49251453892337294,0.3578041781724085,0.26605455247523213,1
0.40239922098421027,0.7484601179772054,0.6361966372871836,0
0.44076711544455616,0.7990310345369315,0.2877116481329899,1
0.12740893457810837,0.1457493787155572,0.34131525940526325,1
0.3343572574034258,0.5220329184099173,0.5990300266372268,0
0.3131071205447792,0.1655942279613833,0.28884546632204405,1
0.20850769724148494,0.24997346279280896,0.15775884182874883,1
0.33609735509621846,0.4175029931136642,0.32180596671991296,1
0.17223177553886343,0.21155619909825496,0.3160386773827493,1
0.3679007969685095,0.20967375080898026,0.25621714552560737,1
0.27915958938241553,0.17797697975919352,0.012819990940534765,1
0.030859618073327377,0.35069595890896177,0.4013632702637181,1
0.4541922129629116,0.36819007320839336,0.27837773151406653,1
0.17344198748210532,0.596522262968888,0.6622951593020598,0
0.3406526986374287,0.9152899703907231,0.203608104074242,0
0.2289290188266317,0.18978245021498003,0.04924662249201578,1
0.3207181290625141,0.7655531568601535,0.3640083321803402,1
0.40101444514105195,0.16987002557346165,0.42929553949581517,1
0.44441049763202867,0.35243341227778635,0.9195096866044065,0
0.14470465111629588,0.21961078789553634,0.263366380159844,1
0.40300433752083564,0.4605032435728466,0.36348361639961235,1
0.3235778944382326,0.9992820887752514,0.6573452572907397,0
0.08043712703834621,0.07840900976113269,0.4681706750165971,1
0.9559377889462699,0.7623202429161584,0.20159368768485386,0
0.9929264539125898,0.560140226415242,0.7167661866439543,1
0.551325557159245,0.11036221473038038,0.2695763512898301,1
0.9132236856296614,0.23546019832611564,0.2681519878505946,1
0.9453169755406654,0.2781639042949722,0.5761399407396157,0
0.6111782133974444,0.5434354043129069,0.5171847044456538,0
0.7167476757456908,0.7616296916900698,0.7681745110765266,0
0.9075687002447781,0.398119947438635,0.17160080264304567,1
0.5135029800686299,0.5773001136835738,0.6742479353292761,0
0.8335178970540655,0.23636973834681896,0.750846040127457,1
0.842807271901421,0.14093708736929678,0.13910267877795413,1
0.6843232896247385,0.5916787681319977,0.5326469687953397,0
0.6860747757573451,0.8209624405720388,0.7765908995279205,0
0.8325611906217503,0.3019800590666535,0.9336349094796716,0
0.8175410188047005,0.8804089450496068,0.15899667253429672,0
0.9229983987806545,0.5488125567184553,0.6353893659984434,0
0.9285592362356414,0.6350449546947289,0.2344738884130434,1
0.9822874013047522,0.16606284871731258,0.3995453110275863,1
0.6095417139602757,0.1769334257694311,0.38492789820151985,1
0.5723013230653953,0.4108863669958631,0.454385707421536,1
0.6091346825683444,0.37449777245225124,0.26556915423566474,1
0.6843658840008815,0.4341886272278077,0.458261785234892,1
0.7071661168363224,0.47645378426591634,0.12910025941812808,0
0.55992925234215,0.995341413882791,0.6135791746823129,0
0.7894352460469372,0.44623058601720544,0.7427192305372703,0
0.968540046011586,0.414311857523595,0.5359112423753688,0
0.7572086286630841,0.7583454960900478,0.3258604243118923,1
0.5907276530340329,0.4260541238066856,0.2522429331801942,1
0.7782539642466215,0.9276582052850001,0.9623244026633829,1
0.5352605315982961,0.6846477685813146,0.5813328806503686,0
0.787648247976406,0.5015890749419587,0.7781583634202452,1
0.8871743140441296,0.5952908915168175,0.5514059722848509,1
0.7377134314660732,0.07310630560526099,0.08608107972900791,1
0.5241576054987596,0.5899259316627203,0.8190784186570204,0
0.8011194521066778,0.483073207624271,0.2055978580748944,1
0.9423797757869801,0.7527810219225538,0.8557059678108516,0
0.7642699256593373,0.8481481816900256,0.17943029693816148,1
0.7871001801455325,0.20659558316083793,0.1944289262876091,0
0.5651805449161655,0.8316494181918752,0.9712359313436927,0
0.5664612420730372,0.7898965819025918,0.758697571581402,0
0.7908875678213121,0.6387968433075796,0.8908443880086567,1
0.7058187276610266,0.10937907547925352,0.2712777620783108,0
0.7180225085020906,0.47417686977183193,0.938855802416675,0
0.6906551125552651,0.41049993776674554,0.8954282990085172,1
0.7503112396711009,0.9593208646279485,0.9668748917300916,1
0.6934654986999664,0.2304135341687979,0.001986889890675747,1
0.7893774718177295,0.16660881383143633,0.16784197966990355,1
0.5318041840225386,0.09136120450726398,0.9200307342875911,0
0.6725190761055841,0.6365984502118083,0.6130678499189737,0
0.8049371966157031,0.1240742318610869,0.30255607487194636,1
